allele,sum,positive,AUC,PCC,PPV,F1-score,Sensitivity
HLA-DRB1*01:01,11745,8014,0.777 ,0.530 ,0.878 ,0.832 ,0.791 
HLA-DRB1*01:02,148,89,0.769 ,0.531 ,0.831 ,0.802 ,0.775 
HLA-DRB1*01:03,214,178,0.758 ,0.500 ,0.920 ,0.912 ,0.904 
HLA-DRB1*03:01,4502,1830,0.747 ,0.536 ,0.819 ,0.681 ,0.583 
HLA-DRB1*03:02,100,42,0.800 ,0.607 ,0.795 ,0.765 ,0.738 
HLA-DRB1*04:01,6891,4106,0.804 ,0.596 ,0.876 ,0.818 ,0.767 
HLA-DRB1*04:02,414,185,0.762 ,0.548 ,0.824 ,0.716 ,0.632 
HLA-DRB1*04:03,212,77,0.813 ,0.682 ,0.911 ,0.767 ,0.662 
HLA-DRB1*04:04,1812,965,0.787 ,0.577 ,0.854 ,0.778 ,0.714 
HLA-DRB1*04:05,4563,3292,0.869 ,0.694 ,0.948 ,0.901 ,0.858 
HLA-DRB1*07:01,4213,2360,0.806 ,0.609 ,0.882 ,0.803 ,0.737 
HLA-DRB1*08:01,203,90,0.579 ,0.172 ,0.574 ,0.464 ,0.389 
HLA-DRB1*08:02,2533,1230,0.743 ,0.501 ,0.807 ,0.706 ,0.628 
HLA-DRB1*09:01,2423,1276,0.780 ,0.564 ,0.845 ,0.768 ,0.703 
HLA-DRB1*10:01,436,284,0.930 ,0.844 ,0.967 ,0.942 ,0.919 
HLA-DRB1*11:01,4413,2324,0.800 ,0.603 ,0.864 ,0.790 ,0.727 
HLA-DRB1*11:04,143,66,0.807 ,0.620 ,0.820 ,0.787 ,0.758 
HLA-DRB1*12:01,1305,434,0.760 ,0.575 ,0.815 ,0.683 ,0.588 
HLA-DRB1*13:01,685,297,0.770 ,0.554 ,0.794 ,0.729 ,0.673 
HLA-DRB1*13:02,2718,1408,0.777 ,0.560 ,0.842 ,0.761 ,0.694 
HLA-DRB1*15:01,4905,2959,0.817 ,0.621 ,0.893 ,0.830 ,0.776 
HLA-DRB1*15:02,189,64,0.831 ,0.667 ,0.790 ,0.778 ,0.766 
HLA-DRB1*16:02,246,188,0.869 ,0.710 ,0.945 ,0.927 ,0.910 
HLA-DRB3*01:01,2270,579,0.713 ,0.523 ,0.801 ,0.590 ,0.466 
HLA-DRB3*02:02,1107,278,0.809 ,0.694 ,0.891 ,0.747 ,0.644 
HLA-DRB4*01:01,2537,1164,0.737 ,0.492 ,0.784 ,0.692 ,0.619 
HLA-DRB5*01:01,3286,1893,0.812 ,0.617 ,0.868 ,0.825 ,0.787 
